split,precision,recall,mAP50,mAP50-95,fitness
test,0.8472837859497552,0.7478919260768744,0.8177480884186814,0.4691452512799675,0.4691452512799675
